[
  {
    "img": "http://img03.liwushuo.com/image/161014/zsnkbq40m.jpeg-w720",
    "title": "绵阳兴的24“而立”，他的努力努力再努力",
    "xiangqing":"从长沙的小骄傲到EXO的中国成员，从天真呆萌的小绵羊到称成世纪蜕变成小狐狸，从唱作歌手舞者，到能挑起大量的主角的演员",
    "lanmu":"一个",
    "guanzhu":"2500"

  },
  {
    "img": "http://img02.liwushuo.com/image/161014/rdem04kav.png-w720",
    "title": "一起变胖还不离不弃，这才是幸福的真爱！",
    "xiangqing":"你们听说宝宝的故事了吗？",
    "lanmu":"一个",
    "guanzhu":"1887"

  },
  {
    "img": "http://img03.liwushuo.com/image/161014/aiyvyz0ww.jpg-w720",
    "title": "#内有福利#秋冬季节那么好睡，我为什么要起床",
    "xiangqing":"寒冬来临，没有什么比暖暖的被窝更加舒服。在这个床品使用率最高的季节，选中一个适合自己的，优质的床品很有必要。",
    "lanmu":"解忧杂货铺",
    "guanzhu":"4126"

  },
  {
    "img": "http://img03.liwushuo.com/image/161014/02yu8n6t2.jpg-w720",
    "title": "@cosme榜单来袭，靠谱剁手指南--美妆护肤篇",
    "xiangqing":"说起日本人气美装网站@cosme美容大赛，相信妹子们都不会陌生，是有消费者评选的化妆品排行榜。这家日本网站评选出来的@cosme大家堪称化...",
    "lanmu":"海淘情报局",
    "guanzhu":"3420"

  },
  {
    "img": "http://img03.liwushuo.com/image/161014/ejfpmkm7k.jpg-w720",
    "title": "想撩她？送她块逼格满满的表吧！",
    "xiangqing":"时间总是走的那么块，不知不觉就偷走了我们的青春，带走了我们的过往，模糊了曾经的记忆。多希望和他在一起的时光能够再慢一些。",
    "lanmu":"最佳礼物大赏",
    "guanzhu":"3098"

  },
  {
    "img": "http://img03.liwushuo.com/image/161014/2i661ozhj.jpeg-w720",
    "title": "【10月19日】 忌张扬，关键词：朴素",
    "xiangqing":"人要有遥远的梦想和朴素的生活，即使明天天寒地冻，路遥马亡。",
    "lanmu":"一个",
    "guanzhu":"2500"

  },
  {
    "img": "http://img03.liwushuo.com/image/161014/4r4y0q6js.png-w720",
    "title": "男友标配礼物看这里，既要脱俗还要够品",
    "xiangqing":"别嫌男票土，人家的帅男票都是女票给搭配出来的，拉风的耳机可是吸引眼睛的利器，带个手环才不会单调，手机壳，充电宝也要不撞款够个性。",
    "lanmu":"不打烊的礼物店",
    "guanzhu":"2210"

  },
  {
    "img": "http://img03.liwushuo.com/image/161013/r5a2uqt22.jpg-w720",
    "title": "绵阳兴的24“而立”，他的努力努力再努力",
    "xiangqing":"从长沙的小骄傲到EXO的中国成员，从天真呆萌的小绵羊到称成世纪蜕变成小狐狸，从唱作歌手舞者，到能挑起大量的主角的演员",
    "lanmu":"一个",
    "guanzhu":"2500"

  },
  {
    "img": "http://img03.liwushuo.com/image/161013/0ilb3usak.png-w720",
    "title": "家里不用美如画，格调舒适才得我心",
    "xiangqing":"偶尔也是忍不了自己的乱糟糟，虽说不用美如画，不过为了让给生活跟更加舒心，置办个有格调的居室也很重要，简单便捷的吸尘器收拾下屋子的各个角落。",
    "lanmu":"省钱大总攻",
    "guanzhu":"3385"

  },
  {
    "img": "http://img03.liwushuo.com/image/161013/muaem0t7s.jpg-w720",
    "title": "家有萌宠，说说你铲屎官的日常 | 参与记得10积分",
    "xiangqing":"早上好，小八",
    "lanmu":"shall we talk",
    "guanzhu":"2728"

  }
]
