[
  {
    "img": "http://img01.liwushuo.com/image/161018/u2edsd5rt.jpg-w720",
    "title": "玩阴阳师，本身就已经脱非入欧了。",
    "xiangqing":"最近网易推出的一款游戏简直火爆了全国内外，朋友圈微博都在晒抽到了什么欧皇，它由亚洲配乐大师梅林茂先生负责和风配乐，众多日本声优参与联合制作。",
    "lanmu":"一个",
    "guanzhu":"2500"

  },
  {
    "img": "http://img01.liwushuo.com/image/161013/rshy9dawf.gif",
    "title": "绵阳兴的24“而立”，他的努力努力再努力",
    "xiangqing":"从长沙的小骄傲到EXO的中国成员，从天真呆萌的小绵羊到称成世纪蜕变成小狐狸，从唱作歌手舞者，到能挑起大量的主角的演员",
    "lanmu":"一个",
    "guanzhu":"2500"

  }
]
