[
  {
    "img": "http://img01.liwushuo.com/image/161013/fdm4ew0lo.gif",
    "title": "早上好，小八。",
    "xiangqing":"从长沙的小骄傲到EXO的中国成员，从天真呆萌的小绵羊到称成世纪蜕变成小狐狸，从唱作歌手舞者，到能挑起大量的主角的演员",
    "lanmu":"一个",
    "guanzhu":"2500"

  },
  {
    "img": "http://img01.liwushuo.com/image/161013/m8f8jy7wu.gif",
    "title": "早上好，小七。",
    "xiangqing":"从长沙的小骄傲到EXO的中国成员，从天真呆萌的小绵羊到称成世纪蜕变成小狐狸，从唱作歌手舞者，到能挑起大量的主角的演员",
    "lanmu":"一个",
    "guanzhu":"2500"

  }
]
